thread_link,thread_title
?tid=150620,PICO-BALL
?tid=149747,Dino Sort
?tid=148203,Top Speed
?tid=148318,Picocraft
?tid=148665,Snekburd
?tid=141064,Linecraft
?tid=54940,S.P.A.C.E.
?tid=45701,Holiday Bowling
?tid=143676,Gemstone Dredging
?tid=48795,TMNT: Shredder's Prevenge
?tid=52547,Pico Froggo
?tid=38587,Caped Feline Arena
?tid=47284,RP-8
?tid=49068,Terra Nova Pinball
?tid=45316,snakator
?tid=49108,Speako8 Speech Synthesis
?tid=36789,Dragondot 3
?tid=48081,Downstream Dream
?tid=46707,Captain Neat-O
?tid=40862,Seinfeld Simulator
?tid=29948,Bustin'
?tid=41382,Froggy Knight
?tid=47155,UnDUNE II
?tid=41185,Sneaky Stealy
?tid=46495,Pico World Race
?tid=37753,NEST 2
?tid=45334,Birds With Guns
?tid=40619,projectiondemo
?tid=44606,Terra
?tid=40759,Pico Dino
?tid=41791,The Lost Night
?tid=42252,Pico Zombie Garden
?tid=3950,HIGH CLIMB
?tid=42715,Pico Night Punkin'
?tid=40951,Yarn
?tid=39656,Explorers
?tid=36749,Tetyis
?tid=40701,Pico-8 Advent Calendar 2020!
?tid=39935,Picolumia
?tid=27694,PERISHER
?tid=39471,ISLANDER
?tid=36862,Cards with Personalities
?tid=3920,SLACKER
?tid=38084,PicoWars
?tid=29406,HI Robot
?tid=28209,The Chamber Scrolls
?tid=33775,Pico Tetris
?tid=37458,Solais
?tid=37868,Star Anise Chronicles
?tid=29734,Charge!
?tid=31443,X-Wing vs. Tie Fighter
?tid=35109,Witch Loves Bullets
?tid=35774,PICOCHAK
?tid=35404,Sybil's Tail
?tid=27623,Pakutto BOY
?tid=34134,Curse of the Lich King
?tid=34047,Shadows of Dunwich
?tid=32901,Dungeo
?tid=4139,Brick Tickler
?tid=33730,BREAKDOWN
?tid=30368,Micro-8
?tid=2326,Passengers
?tid=2803,Rainy Day Friends
?tid=28308,45 Pico-8 Doodles
?tid=29415,Lands Of Yocta
?tid=28994,StarBase
?tid=2785,Puzzle Cave II
?tid=1984,Duangle
?tid=29798,A Billion Pale Dots
?tid=3877,BuzzKill
?tid=3585,Wizardish
?tid=28714,Kidd Bludd's Treacherous Tower
?tid=29175,MICRO MURDER: But It's Robots
?tid=28480,Tiny-TV Jam
?tid=3072,The Wee Dungeon
?tid=29176,SCUMM-8
?tid=28202,One Room Dungeon
?tid=2322,We Missed You!
?tid=2582,Terrain
?tid=2319,underworld siege
?tid=28793,Advanced Micro Platformer
?tid=2719,Two Hiking Cats
?tid=2039,Puzzle Cave
?tid=29709,Dank Tomb
?tid=2688,Hyperspace
?tid=4051,The Lair
